cmrl_name,boardings_weekday,days_observed,boardings_sd,boardings_weekend,weekend_ratio,canonical_station_name,city,is_mature,target_kind
CENTRAL METRO,30997.8,15,2471.8465682851065,24894.166666666668,0.8030946282209276,Puratchi Thalaivar Dr. M.G. Ramachandran Central,chennai,True,daily_boardings
CHENNAI AIRPORT,19027.733333333334,15,915.6883021348845,17106.5,0.8990298371499845,Chennai International Airport,chennai,True,daily_boardings
THOUSAND LIGHT,18426.0,15,2066.804987690628,8792.666666666666,0.4771880314048988,Thousand Lights,chennai,True,daily_boardings
THIRUMANGALAM,16944.466666666667,15,1274.6127628570546,12045.0,0.7108515267520961,Thirumangalam,chennai,True,daily_boardings
GUINDY,16801.8,15,1313.2222203420104,11344.833333333334,0.6752153539104938,Guindy,chennai,True,daily_boardings
VADAPALANI,13619.066666666668,15,822.8839066414678,13169.833333333334,0.9670143817980674,Vadapalani,chennai,True,daily_boardings
KOYAMBEDU,13529.266666666666,15,1430.4103540426368,10597.166666666666,0.7832772409443232,Koyambedu,chennai,True,daily_boardings
HIGH COURT,13150.866666666669,15,2596.431475992349,6760.666666666667,0.514085256738466,High Court,chennai,True,daily_boardings
ALANDUR,12668.266666666666,15,989.5468996801852,9159.666666666666,0.7230402475476781,Arignar Anna Alandur,chennai,True,daily_boardings
LIC,11068.133333333331,15,1617.555601458424,5375.166666666667,0.4856434689378516,LIC,chennai,True,daily_boardings
GOVERNMENT ESTATE,10538.466666666667,15,881.0891690456326,7384.333333333333,0.7007028220424223,Government Estate,chennai,True,daily_boardings
TEYNAMPET,10381.266666666666,15,1220.1127270324926,5047.666666666667,0.4862283985897675,Teynampet,chennai,True,daily_boardings
EKKATTUTHANGAL,9439.533333333333,15,628.8956155341643,4278.666666666667,0.4532709950350653,Ekkattuthangal,chennai,True,daily_boardings
ASHOK NAGAR,9430.133333333331,15,1138.248520859173,6506.0,0.6899160139128467,Ashok Nagar,chennai,True,daily_boardings
AG-DMS,8784.333333333334,15,1366.6002480957036,3958.3333333333335,0.4506128334534967,AG – DMS,chennai,True,daily_boardings
St. THOMAS MOUNT,8586.133333333333,15,624.6549752425238,6602.166666666667,0.7689336294179763,St. Thomas Mount,chennai,True,daily_boardings
WASHERMANPET,8122.2,15,877.6480094955084,5393.666666666667,0.6640647443631857,Washermanpet,chennai,True,daily_boardings
NANDANAM,7921.466666666666,15,968.1157595089156,3644.1666666666665,0.4600368618605982,Nandanam,chennai,True,daily_boardings
CMBT,7689.8,15,616.3142982973169,6682.166666666667,0.8689649492401189,Puratchi Thalaivi Dr. J. Jayalalithaa CMBT,chennai,True,daily_boardings
LITTLE MOUNT,7611.333333333333,15,616.9183398921108,4611.833333333333,0.6059166155732679,Little Mount,chennai,True,daily_boardings
MEENAMBAKKAM,7300.933333333333,15,857.8884764905274,5414.166666666667,0.741571853826908,Meenambakkam,chennai,True,daily_boardings
SAIDAPET,7202.0,15,1160.4337243338928,4012.3333333333335,0.5571137646949922,Saidapet,chennai,True,daily_boardings
ANNA NAGAR EAST,7101.6,15,727.1238644727005,5098.166666666667,0.7178898651946979,Anna Nagar East,chennai,True,daily_boardings
THIYAGARAYA COLLEGE METRO,6985.266666666666,15,747.2489991071695,5442.333333333333,0.7791160442455072,Sir Theagaraya College,chennai,True,daily_boardings
TONDIARPET METRO,6818.133333333333,15,614.9040420686638,5058.166666666667,0.7418697199624531,Tondiarpet,chennai,True,daily_boardings
MANNADI,6760.0,15,661.7756417397063,4750.666666666667,0.7027613412228797,Mannadi,chennai,True,daily_boardings
ANNA NAGAR TOWER,6341.866666666667,15,581.6811677821286,4918.5,0.775560297704146,Anna Nagar Tower,chennai,True,daily_boardings
THIRUVOTRIYUR THERADI METRO,6157.866666666667,15,438.8935547270573,5390.833333333333,0.8754384635371557,Tiruvottriyur Theradi,chennai,True,daily_boardings
EGMORE,5730.333333333333,15,365.2440801645361,5160.333333333333,0.900529346751207,Egmore,chennai,True,daily_boardings
WIMCO NAGAR METRO,5685.266666666666,15,465.2784829182052,4095.5,0.7203707829594626,Wimco Nagar,chennai,True,daily_boardings
KALADIPET METRO,5275.333333333333,15,515.174681424614,4126.333333333333,0.7821938582080121,Kaladipet,chennai,True,daily_boardings
ARUMBAKKAM,5230.6,15,264.7580566695347,4165.166666666667,0.7963076256388687,Arumbakkam,chennai,True,daily_boardings
NEW WASHERMENPET METRO,4953.333333333333,15,477.47216323746727,3703.1666666666665,0.7476110363391656,New Washermanpet,chennai,True,daily_boardings
THIRUVOTRIYUR METRO,4834.0,15,440.0999886389455,3869.8333333333335,0.8005447524479382,Tiruvottriyur,chennai,True,daily_boardings
SHENOY NAGAR,3642.733333333333,15,335.811908804971,2669.333333333333,0.7327830749803262,Shenoy Nagar,chennai,True,daily_boardings
PACHAIAPPA S COLLEGE,3244.6,15,430.9187527000553,2176.1666666666665,0.6707041443218476,Pachaiyappa's College,chennai,True,daily_boardings
NEHRU PARK,3081.6666666666665,15,242.50969543701223,2483.5,0.805895078420768,Nehru Park,chennai,True,daily_boardings
OTA - NANGANALLUR ROAD,3069.9333333333334,15,344.676964016758,1801.5,0.5868205607070729,Nanganallur Road,chennai,True,daily_boardings
KILPAUK,2861.4,15,241.37043256017463,1942.1666666666667,0.678747000302882,Kilpauk,chennai,True,daily_boardings
TOLLGATE METRO,2688.6666666666665,15,252.38934397549545,2204.0,0.8197371683610216,Tollgate,chennai,True,daily_boardings
