date,totalTickets,noOfSVC,noOfNCMCcard,noOfMobileQR,noOfStaticQR,noOfPaperQR,noOfPaytmQR,noOfWhatsAppQR,noOfPhonePeQR,totalQrCount,noOfPromotionalRideQR,noOfTripcard,noOfTouristCard,noOfToken,noOfGroupCard,noOfTotal_QR,noOfCards,totalCards,noOfRedBusQR,noOfRapidoQR,noOfJusPayQR,noOfONDCQR,noOfSVP,noOfEventQR,noOfUberQR,noOfCumtaQR,noOfMilesKilometersQR,is_partial
2026-08-17,393467,0,211337,5023,7288,79173,10128,15340,9645,0,0,0,0,0,0,182130,0,0,1053,25444,168,41658,3998,0,14993,9877,0,False
2026-08-18,390922,0,219433,4811,6728,70189,9647,14329,9093,0,0,0,0,0,0,171489,0,0,1071,26120,120,42297,4511,0,14986,9884,0,False
2026-08-19,391553,0,219797,4933,7035,71160,9746,14375,8379,0,0,0,0,0,0,171756,0,0,1072,26087,115,41969,4222,0,14695,9937,0,False
2026-08-20,387172,0,217252,5531,6849,71140,9830,14407,8176,0,0,0,0,0,0,169920,0,0,1124,23675,131,39767,4073,0,14837,10147,0,False
2026-08-21,381292,0,198771,5481,7805,74795,10831,16459,8819,0,0,0,0,0,0,182521,0,0,1202,27567,173,43532,3828,0,14590,10971,0,False
2026-08-22,316406,0,124632,5716,8403,86961,10983,17156,8701,0,0,0,0,0,0,191774,0,0,1271,29072,228,40994,2108,0,10423,10752,0,False
2026-08-23,217114,0,58822,5235,7342,75913,8686,13977,7252,0,0,0,0,0,0,158292,0,0,1028,22342,178,30090,1086,0,6542,8711,0,False
2026-08-24,391543,0,209551,5046,7347,78886,10048,15478,8347,0,0,0,0,0,0,181992,0,0,1093,26578,131,43006,4003,0,15204,9831,0,False
2026-08-25,393530,0,215330,3860,6849,75189,9886,15146,8025,0,0,0,0,0,0,178200,0,0,739,26854,141,44545,4247,0,16811,10453,0,False
2026-08-26,313528,0,139772,4438,6710,79640,9618,14275,7416,0,0,0,0,0,0,173756,0,0,499,25487,145,38973,2866,0,12842,9820,0,False
2026-08-27,390924,0,205884,4691,8066,85586,10684,15082,8378,0,0,0,0,0,0,185040,0,0,645,20970,167,38176,4075,0,16394,10302,0,False
2026-08-28,374907,0,201431,4411,7169,70067,10461,15504,8093,0,0,0,0,0,0,173476,0,0,1063,26406,180,42950,3869,0,15301,10952,0,False
2026-08-29,319952,0,136163,5035,8628,78142,11141,17333,7832,0,0,0,0,0,0,183789,0,0,1400,28659,170,41576,2564,0,11347,11538,0,False
2026-08-30,210739,0,58965,4228,6769,72960,8669,13884,6646,0,0,0,0,0,0,151774,0,0,1184,21353,107,28960,1197,0,6316,8461,0,False
2026-08-31,382217,0,207015,4046,7353,71778,10316,15562,8181,0,0,0,0,0,0,175202,0,0,1048,27176,120,43235,4166,0,14891,10565,0,False
2026-09-01,382870,0,217852,3622,6823,64392,10238,14371,7911,0,0,0,0,0,0,165018,0,0,1042,26933,139,42556,4773,0,14442,10332,0,False
2026-09-02,384527,0,218840,3802,6868,64793,10131,14687,7276,0,0,0,0,0,0,165687,0,0,939,27572,170,42652,4877,0,13971,10601,0,False
2026-09-03,392222,0,218244,3980,7287,67524,10708,15415,7984,0,0,0,0,0,0,173978,0,0,1151,29775,174,45528,4447,0,14428,11105,0,False
2026-09-04,282563,0,133327,4022,6212,62414,9602,13546,6898,0,0,0,0,0,0,149236,0,0,1097,22197,125,33805,3126,0,10386,9611,0,False
2026-09-05,313629,0,129016,5364,7668,84107,10488,16241,7696,0,0,0,0,0,0,184613,0,0,1340,28241,180,39541,2461,0,9780,11047,0,False
2026-09-06,42428,0,13013,932,1368,13423,1781,2958,1449,0,0,0,0,0,0,29415,0,0,236,3968,41,5576,263,0,1331,1665,0,True
