date,line,cmrl_name,boardings,is_partial
2026-08-16,1,AG-DMS,2324,False
2026-08-16,1,ALANDUR,2857,False
2026-08-16,1,CENTRAL METRO,13042,False
2026-08-16,1,CHENNAI AIRPORT,15071,False
2026-08-16,1,GOVERNMENT ESTATE,5081,False
2026-08-16,1,GUINDY,8360,False
2026-08-16,1,HIGH COURT,3599,False
2026-08-16,1,KALADIPET METRO,3260,False
2026-08-16,1,LIC,3680,False
2026-08-16,1,LITTLE MOUNT,3363,False
2026-08-16,1,MANNADI,3456,False
2026-08-16,1,MEENAMBAKKAM,4033,False
2026-08-16,1,NANDANAM,2019,False
2026-08-16,1,NEW WASHERMENPET METRO,2783,False
2026-08-16,1,OTA - NANGANALLUR ROAD,1095,False
2026-08-16,1,SAIDAPET,3326,False
2026-08-16,1,TEYNAMPET,2852,False
2026-08-16,1,THIRUVOTRIYUR METRO,3087,False
2026-08-16,1,THIRUVOTRIYUR THERADI METRO,4224,False
2026-08-16,1,THIYAGARAYA COLLEGE METRO,4309,False
2026-08-16,1,THOUSAND LIGHT,5047,False
2026-08-16,1,TOLLGATE METRO,1829,False
2026-08-16,1,TONDIARPET METRO,3718,False
2026-08-16,1,WASHERMANPET,4003,False
2026-08-16,1,WIMCO NAGAR DEPOT,3183,False
2026-08-16,1,WIMCO NAGAR METRO,2965,False
2026-08-16,2,ALANDUR,4018,False
2026-08-16,2,ANNA NAGAR EAST,3712,False
2026-08-16,2,ANNA NAGAR TOWER,3679,False
2026-08-16,2,ARUMBAKKAM,2952,False
2026-08-16,2,ASHOK NAGAR,4372,False
2026-08-16,2,CENTRAL METRO,7568,False
2026-08-16,2,CMBT,5729,False
2026-08-16,2,EGMORE,4506,False
2026-08-16,2,EKKATTUTHANGAL,2842,False
2026-08-16,2,KILPAUK,1294,False
2026-08-16,2,KOYAMBEDU,9042,False
2026-08-16,2,NEHRU PARK,1872,False
2026-08-16,2,PACHAIAPPA S COLLEGE,1418,False
2026-08-16,2,SHENOY NAGAR,1898,False
2026-08-16,2,St. THOMAS MOUNT,5212,False
2026-08-16,2,THIRUMANGALAM,9140,False
2026-08-16,2,VADAPALANI,10793,False
2026-08-17,1,AG-DMS,9167,False
2026-08-17,1,ALANDUR,6616,False
2026-08-17,1,CENTRAL METRO,19869,False
2026-08-17,1,CHENNAI AIRPORT,19893,False
2026-08-17,1,GOVERNMENT ESTATE,10634,False
2026-08-17,1,GUINDY,17372,False
2026-08-17,1,HIGH COURT,13539,False
2026-08-17,1,KALADIPET METRO,5512,False
2026-08-17,1,LIC,11469,False
2026-08-17,1,LITTLE MOUNT,7386,False
2026-08-17,1,MANNADI,6880,False
2026-08-17,1,MEENAMBAKKAM,7855,False
2026-08-17,1,NANDANAM,7958,False
2026-08-17,1,NEW WASHERMENPET METRO,5198,False
2026-08-17,1,OTA - NANGANALLUR ROAD,3091,False
2026-08-17,1,SAIDAPET,7667,False
2026-08-17,1,TEYNAMPET,10642,False
2026-08-17,1,THIRUVOTRIYUR METRO,5015,False
2026-08-17,1,THIRUVOTRIYUR THERADI METRO,6165,False
2026-08-17,1,THIYAGARAYA COLLEGE METRO,7263,False
2026-08-17,1,THOUSAND LIGHT,19138,False
2026-08-17,1,TOLLGATE METRO,2698,False
2026-08-17,1,TONDIARPET METRO,7017,False
2026-08-17,1,WASHERMANPET,8476,False
2026-08-17,1,WIMCO NAGAR DEPOT,5587,False
2026-08-17,1,WIMCO NAGAR METRO,6042,False
2026-08-17,2,ALANDUR,6364,False
2026-08-17,2,ANNA NAGAR EAST,7377,False
2026-08-17,2,ANNA NAGAR TOWER,6366,False
2026-08-17,2,ARUMBAKKAM,5072,False
2026-08-17,2,ASHOK NAGAR,9905,False
2026-08-17,2,CENTRAL METRO,13850,False
2026-08-17,2,CMBT,8269,False
2026-08-17,2,EGMORE,6004,False
2026-08-17,2,EKKATTUTHANGAL,9115,False
2026-08-17,2,KILPAUK,2961,False
2026-08-17,2,KOYAMBEDU,14677,False
2026-08-17,2,NEHRU PARK,3109,False
2026-08-17,2,PACHAIAPPA S COLLEGE,3438,False
2026-08-17,2,SHENOY NAGAR,3692,False
2026-08-17,2,St. THOMAS MOUNT,8518,False
2026-08-17,2,THIRUMANGALAM,16975,False
2026-08-17,2,VADAPALANI,13040,False
2026-08-18,1,AG-DMS,9586,False
2026-08-18,1,ALANDUR,6577,False
2026-08-18,1,CENTRAL METRO,21823,False
2026-08-18,1,CHENNAI AIRPORT,19042,False
2026-08-18,1,GOVERNMENT ESTATE,11172,False
2026-08-18,1,GUINDY,17056,False
2026-08-18,1,HIGH COURT,14815,False
2026-08-18,1,KALADIPET METRO,5397,False
2026-08-18,1,LIC,11774,False
2026-08-18,1,LITTLE MOUNT,7725,False
2026-08-18,1,MANNADI,7207,False
2026-08-18,1,MEENAMBAKKAM,7631,False
2026-08-18,1,NANDANAM,8410,False
2026-08-18,1,NEW WASHERMENPET METRO,5282,False
2026-08-18,1,OTA - NANGANALLUR ROAD,3162,False
2026-08-18,1,SAIDAPET,7656,False
2026-08-18,1,TEYNAMPET,10992,False
2026-08-18,1,THIRUVOTRIYUR METRO,5086,False
2026-08-18,1,THIRUVOTRIYUR THERADI METRO,6222,False
2026-08-18,1,THIYAGARAYA COLLEGE METRO,7166,False
2026-08-18,1,THOUSAND LIGHT,19507,False
2026-08-18,1,TOLLGATE METRO,2679,False
2026-08-18,1,TONDIARPET METRO,7052,False
2026-08-18,1,WASHERMANPET,8491,False
2026-08-18,1,WIMCO NAGAR DEPOT,5683,False
2026-08-18,1,WIMCO NAGAR METRO,5747,False
2026-08-18,2,ALANDUR,6778,False
2026-08-18,2,ANNA NAGAR EAST,7373,False
2026-08-18,2,ANNA NAGAR TOWER,6571,False
2026-08-18,2,ARUMBAKKAM,5229,False
2026-08-18,2,ASHOK NAGAR,9740,False
2026-08-18,2,CENTRAL METRO,9335,False
2026-08-18,2,CMBT,7884,False
2026-08-18,2,EGMORE,5612,False
2026-08-18,2,EKKATTUTHANGAL,9966,False
2026-08-18,2,KILPAUK,2947,False
2026-08-18,2,KOYAMBEDU,13717,False
2026-08-18,2,NEHRU PARK,3079,False
2026-08-18,2,PACHAIAPPA S COLLEGE,3407,False
2026-08-18,2,SHENOY NAGAR,3913,False
2026-08-18,2,St. THOMAS MOUNT,8966,False
2026-08-18,2,THIRUMANGALAM,17422,False
2026-08-18,2,VADAPALANI,14945,False
2026-08-19,1,AG-DMS,9582,False
2026-08-19,1,ALANDUR,7152,False
2026-08-19,1,CENTRAL METRO,19751,False
2026-08-19,1,CHENNAI AIRPORT,19230,False
2026-08-19,1,GOVERNMENT ESTATE,11076,False
2026-08-19,1,GUINDY,17628,False
2026-08-19,1,HIGH COURT,14124,False
2026-08-19,1,KALADIPET METRO,5522,False
2026-08-19,1,LIC,11846,False
2026-08-19,1,LITTLE MOUNT,8126,False
2026-08-19,1,MANNADI,7182,False
2026-08-19,1,MEENAMBAKKAM,7777,False
2026-08-19,1,NANDANAM,8460,False
2026-08-19,1,NEW WASHERMENPET METRO,5346,False
2026-08-19,1,OTA - NANGANALLUR ROAD,3204,False
2026-08-19,1,SAIDAPET,7918,False
2026-08-19,1,TEYNAMPET,11036,False
2026-08-19,1,THIRUVOTRIYUR METRO,5029,False
2026-08-19,1,THIRUVOTRIYUR THERADI METRO,6129,False
2026-08-19,1,THIYAGARAYA COLLEGE METRO,7273,False
2026-08-19,1,THOUSAND LIGHT,19692,False
2026-08-19,1,TOLLGATE METRO,2919,False
2026-08-19,1,TONDIARPET METRO,7203,False
2026-08-19,1,WASHERMANPET,8595,False
2026-08-19,1,WIMCO NAGAR DEPOT,5744,False
2026-08-19,1,WIMCO NAGAR METRO,5902,False
2026-08-19,2,ALANDUR,6336,False
2026-08-19,2,ANNA NAGAR EAST,7471,False
2026-08-19,2,ANNA NAGAR TOWER,6775,False
2026-08-19,2,ARUMBAKKAM,5474,False
2026-08-19,2,ASHOK NAGAR,10037,False
2026-08-19,2,CENTRAL METRO,10947,False
2026-08-19,2,CMBT,7720,False
2026-08-19,2,EGMORE,5795,False
2026-08-19,2,EKKATTUTHANGAL,10233,False
2026-08-19,2,KILPAUK,3016,False
2026-08-19,2,KOYAMBEDU,13835,False
2026-08-19,2,NEHRU PARK,3162,False
2026-08-19,2,PACHAIAPPA S COLLEGE,3402,False
2026-08-19,2,SHENOY NAGAR,3832,False
2026-08-19,2,St. THOMAS MOUNT,8853,False
2026-08-19,2,THIRUMANGALAM,17989,False
2026-08-19,2,VADAPALANI,13565,False
2026-08-20,1,AG-DMS,10111,False
2026-08-20,1,ALANDUR,6735,False
2026-08-20,1,CENTRAL METRO,21100,False
2026-08-20,1,CHENNAI AIRPORT,19110,False
2026-08-20,1,GOVERNMENT ESTATE,10903,False
2026-08-20,1,GUINDY,17711,False
2026-08-20,1,HIGH COURT,13588,False
2026-08-20,1,KALADIPET METRO,5472,False
2026-08-20,1,LIC,11878,False
2026-08-20,1,LITTLE MOUNT,7874,False
2026-08-20,1,MANNADI,7153,False
2026-08-20,1,MEENAMBAKKAM,7746,False
2026-08-20,1,NANDANAM,8434,False
2026-08-20,1,NEW WASHERMENPET METRO,5093,False
2026-08-20,1,OTA - NANGANALLUR ROAD,3270,False
2026-08-20,1,SAIDAPET,7722,False
2026-08-20,1,TEYNAMPET,10957,False
2026-08-20,1,THIRUVOTRIYUR METRO,4866,False
2026-08-20,1,THIRUVOTRIYUR THERADI METRO,6332,False
2026-08-20,1,THIYAGARAYA COLLEGE METRO,7417,False
2026-08-20,1,THOUSAND LIGHT,19501,False
2026-08-20,1,TOLLGATE METRO,2684,False
2026-08-20,1,TONDIARPET METRO,7093,False
2026-08-20,1,WASHERMANPET,8636,False
2026-08-20,1,WIMCO NAGAR DEPOT,5658,False
2026-08-20,1,WIMCO NAGAR METRO,5827,False
2026-08-20,2,ALANDUR,6405,False
2026-08-20,2,ANNA NAGAR EAST,7394,False
2026-08-20,2,ANNA NAGAR TOWER,6937,False
2026-08-20,2,ARUMBAKKAM,5294,False
2026-08-20,2,ASHOK NAGAR,9754,False
2026-08-20,2,CENTRAL METRO,9482,False
2026-08-20,2,CMBT,7541,False
2026-08-20,2,EGMORE,5521,False
2026-08-20,2,EKKATTUTHANGAL,9927,False
2026-08-20,2,KILPAUK,3030,False
2026-08-20,2,KOYAMBEDU,13309,False
2026-08-20,2,NEHRU PARK,3400,False
2026-08-20,2,PACHAIAPPA S COLLEGE,3366,False
2026-08-20,2,SHENOY NAGAR,3779,False
2026-08-20,2,St. THOMAS MOUNT,8926,False
2026-08-20,2,THIRUMANGALAM,17427,False
2026-08-20,2,VADAPALANI,13254,False
2026-08-21,1,AG-DMS,9722,False
2026-08-21,1,ALANDUR,6222,False
2026-08-21,1,CENTRAL METRO,19031,False
2026-08-21,1,CHENNAI AIRPORT,20647,False
2026-08-21,1,GOVERNMENT ESTATE,10567,False
2026-08-21,1,GUINDY,17584,False
2026-08-21,1,HIGH COURT,12854,False
2026-08-21,1,KALADIPET METRO,5327,False
2026-08-21,1,LIC,10307,False
2026-08-21,1,LITTLE MOUNT,8085,False
2026-08-21,1,MANNADI,6707,False
2026-08-21,1,MEENAMBAKKAM,7371,False
2026-08-21,1,NANDANAM,8389,False
2026-08-21,1,NEW WASHERMENPET METRO,5059,False
2026-08-21,1,OTA - NANGANALLUR ROAD,2999,False
2026-08-21,1,SAIDAPET,7303,False
2026-08-21,1,TEYNAMPET,10783,False
2026-08-21,1,THIRUVOTRIYUR METRO,4663,False
2026-08-21,1,THIRUVOTRIYUR THERADI METRO,6393,False
2026-08-21,1,THIYAGARAYA COLLEGE METRO,6980,False
2026-08-21,1,THOUSAND LIGHT,18896,False
2026-08-21,1,TOLLGATE METRO,2510,False
2026-08-21,1,TONDIARPET METRO,6735,False
2026-08-21,1,WASHERMANPET,8069,False
2026-08-21,1,WIMCO NAGAR DEPOT,5514,False
2026-08-21,1,WIMCO NAGAR METRO,5717,False
2026-08-21,2,ALANDUR,6933,False
2026-08-21,2,ANNA NAGAR EAST,6627,False
2026-08-21,2,ANNA NAGAR TOWER,6129,False
2026-08-21,2,ARUMBAKKAM,5569,False
2026-08-21,2,ASHOK NAGAR,9921,False
2026-08-21,2,CENTRAL METRO,12771,False
2026-08-21,2,CMBT,8054,False
2026-08-21,2,EGMORE,5855,False
2026-08-21,2,EKKATTUTHANGAL,9562,False
2026-08-21,2,KILPAUK,2860,False
2026-08-21,2,KOYAMBEDU,13650,False
2026-08-21,2,NEHRU PARK,3234,False
2026-08-21,2,PACHAIAPPA S COLLEGE,2815,False
2026-08-21,2,SHENOY NAGAR,3493,False
2026-08-21,2,St. THOMAS MOUNT,8883,False
2026-08-21,2,THIRUMANGALAM,17245,False
2026-08-21,2,VADAPALANI,14164,False
2026-08-22,1,AG-DMS,5668,False
2026-08-22,1,ALANDUR,5328,False
2026-08-22,1,CENTRAL METRO,17600,False
2026-08-22,1,CHENNAI AIRPORT,19081,False
2026-08-22,1,GOVERNMENT ESTATE,9948,False
2026-08-22,1,GUINDY,13472,False
2026-08-22,1,HIGH COURT,9406,False
2026-08-22,1,KALADIPET METRO,4889,False
2026-08-22,1,LIC,6144,False
2026-08-22,1,LITTLE MOUNT,5171,False
2026-08-22,1,MANNADI,5717,False
2026-08-22,1,MEENAMBAKKAM,6771,False
2026-08-22,1,NANDANAM,4552,False
2026-08-22,1,NEW WASHERMENPET METRO,4387,False
2026-08-22,1,OTA - NANGANALLUR ROAD,2119,False
2026-08-22,1,SAIDAPET,4748,False
2026-08-22,1,TEYNAMPET,6792,False
2026-08-22,1,THIRUVOTRIYUR METRO,4269,False
2026-08-22,1,THIRUVOTRIYUR THERADI METRO,6163,False
2026-08-22,1,THIYAGARAYA COLLEGE METRO,6253,False
2026-08-22,1,THOUSAND LIGHT,11033,False
2026-08-22,1,TOLLGATE METRO,2383,False
2026-08-22,1,TONDIARPET METRO,6139,False
2026-08-22,1,WASHERMANPET,6477,False
2026-08-22,1,WIMCO NAGAR DEPOT,4765,False
2026-08-22,1,WIMCO NAGAR METRO,5073,False
2026-08-22,2,ALANDUR,5686,False
2026-08-22,2,ANNA NAGAR EAST,5956,False
2026-08-22,2,ANNA NAGAR TOWER,5839,False
2026-08-22,2,ARUMBAKKAM,5066,False
2026-08-22,2,ASHOK NAGAR,8948,False
2026-08-22,2,CENTRAL METRO,10462,False
2026-08-22,2,CMBT,7847,False
2026-08-22,2,EGMORE,5887,False
2026-08-22,2,EKKATTUTHANGAL,5453,False
2026-08-22,2,KILPAUK,2535,False
2026-08-22,2,KOYAMBEDU,12584,False
2026-08-22,2,NEHRU PARK,3082,False
2026-08-22,2,PACHAIAPPA S COLLEGE,2551,False
2026-08-22,2,SHENOY NAGAR,3143,False
2026-08-22,2,St. THOMAS MOUNT,7919,False
2026-08-22,2,THIRUMANGALAM,14152,False
2026-08-22,2,VADAPALANI,14745,False
2026-08-23,1,AG-DMS,2442,False
2026-08-23,1,ALANDUR,2629,False
2026-08-23,1,CENTRAL METRO,12712,False
2026-08-23,1,CHENNAI AIRPORT,15971,False
2026-08-23,1,GOVERNMENT ESTATE,5610,False
2026-08-23,1,GUINDY,9649,False
2026-08-23,1,HIGH COURT,4305,False
2026-08-23,1,KALADIPET METRO,3959,False
2026-08-23,1,LIC,3657,False
2026-08-23,1,LITTLE MOUNT,3931,False
2026-08-23,1,MANNADI,3630,False
2026-08-23,1,MEENAMBAKKAM,4767,False
2026-08-23,1,NANDANAM,2247,False
2026-08-23,1,NEW WASHERMENPET METRO,3409,False
2026-08-23,1,OTA - NANGANALLUR ROAD,1363,False
2026-08-23,1,SAIDAPET,3331,False
2026-08-23,1,TEYNAMPET,2889,False
2026-08-23,1,THIRUVOTRIYUR METRO,3645,False
2026-08-23,1,THIRUVOTRIYUR THERADI METRO,5396,False
2026-08-23,1,THIYAGARAYA COLLEGE METRO,5102,False
2026-08-23,1,THOUSAND LIGHT,5005,False
2026-08-23,1,TOLLGATE METRO,2097,False
2026-08-23,1,TONDIARPET METRO,4676,False
2026-08-23,1,WASHERMANPET,4493,False
2026-08-23,1,WIMCO NAGAR DEPOT,3818,False
2026-08-23,1,WIMCO NAGAR METRO,3349,False
2026-08-23,2,ALANDUR,5210,False
2026-08-23,2,ANNA NAGAR EAST,4327,False
2026-08-23,2,ANNA NAGAR TOWER,3755,False
2026-08-23,2,ARUMBAKKAM,3710,False
2026-08-23,2,ASHOK NAGAR,5124,False
2026-08-23,2,CENTRAL METRO,9873,False
2026-08-23,2,CMBT,6459,False
2026-08-23,2,EGMORE,4644,False
2026-08-23,2,EKKATTUTHANGAL,3205,False
2026-08-23,2,KILPAUK,1506,False
2026-08-23,2,KOYAMBEDU,9931,False
2026-08-23,2,NEHRU PARK,2176,False
2026-08-23,2,PACHAIAPPA S COLLEGE,1724,False
2026-08-23,2,SHENOY NAGAR,2351,False
2026-08-23,2,St. THOMAS MOUNT,5857,False
2026-08-23,2,THIRUMANGALAM,10334,False
2026-08-23,2,VADAPALANI,12846,False
2026-08-24,1,AG-DMS,9028,False
2026-08-24,1,ALANDUR,6592,False
2026-08-24,1,CENTRAL METRO,19573,False
2026-08-24,1,CHENNAI AIRPORT,19113,False
2026-08-24,1,GOVERNMENT ESTATE,10635,False
2026-08-24,1,GUINDY,17223,False
2026-08-24,1,HIGH COURT,13885,False
2026-08-24,1,KALADIPET METRO,5471,False
2026-08-24,1,LIC,11713,False
2026-08-24,1,LITTLE MOUNT,7690,False
2026-08-24,1,MANNADI,6960,False
2026-08-24,1,MEENAMBAKKAM,7853,False
2026-08-24,1,NANDANAM,8159,False
2026-08-24,1,NEW WASHERMENPET METRO,5173,False
2026-08-24,1,OTA - NANGANALLUR ROAD,3213,False
2026-08-24,1,SAIDAPET,7779,False
2026-08-24,1,TEYNAMPET,10901,False
2026-08-24,1,THIRUVOTRIYUR METRO,5158,False
2026-08-24,1,THIRUVOTRIYUR THERADI METRO,6235,False
2026-08-24,1,THIYAGARAYA COLLEGE METRO,7306,False
2026-08-24,1,THOUSAND LIGHT,18987,False
2026-08-24,1,TOLLGATE METRO,2854,False
2026-08-24,1,TONDIARPET METRO,7079,False
2026-08-24,1,WASHERMANPET,8345,False
2026-08-24,1,WIMCO NAGAR DEPOT,5737,False
2026-08-24,1,WIMCO NAGAR METRO,5954,False
2026-08-24,2,ALANDUR,6229,False
2026-08-24,2,ANNA NAGAR EAST,7230,False
2026-08-24,2,ANNA NAGAR TOWER,6339,False
2026-08-24,2,ARUMBAKKAM,5257,False
2026-08-24,2,ASHOK NAGAR,10057,False
2026-08-24,2,CENTRAL METRO,13815,False
2026-08-24,2,CMBT,8457,False
2026-08-24,2,EGMORE,5958,False
2026-08-24,2,EKKATTUTHANGAL,9154,False
2026-08-24,2,KILPAUK,2983,False
2026-08-24,2,KOYAMBEDU,14743,False
2026-08-24,2,NEHRU PARK,3259,False
2026-08-24,2,PACHAIAPPA S COLLEGE,3362,False
2026-08-24,2,SHENOY NAGAR,3766,False
2026-08-24,2,St. THOMAS MOUNT,8815,False
2026-08-24,2,THIRUMANGALAM,17190,False
2026-08-24,2,VADAPALANI,12906,False
2026-08-25,1,AG-DMS,9177,False
2026-08-25,1,ALANDUR,6915,False
2026-08-25,1,CENTRAL METRO,20275,False
2026-08-25,1,CHENNAI AIRPORT,18883,False
2026-08-25,1,GOVERNMENT ESTATE,10855,False
2026-08-25,1,GUINDY,17309,False
2026-08-25,1,HIGH COURT,14290,False
2026-08-25,1,KALADIPET METRO,5373,False
2026-08-25,1,LIC,11971,False
2026-08-25,1,LITTLE MOUNT,7922,False
2026-08-25,1,MANNADI,6953,False
2026-08-25,1,MEENAMBAKKAM,7526,False
2026-08-25,1,NANDANAM,8542,False
2026-08-25,1,NEW WASHERMENPET METRO,5104,False
2026-08-25,1,OTA - NANGANALLUR ROAD,3236,False
2026-08-25,1,SAIDAPET,7675,False
2026-08-25,1,TEYNAMPET,10854,False
2026-08-25,1,THIRUVOTRIYUR METRO,4915,False
2026-08-25,1,THIRUVOTRIYUR THERADI METRO,6360,False
2026-08-25,1,THIYAGARAYA COLLEGE METRO,7308,False
2026-08-25,1,THOUSAND LIGHT,19510,False
2026-08-25,1,TOLLGATE METRO,2771,False
2026-08-25,1,TONDIARPET METRO,7101,False
2026-08-25,1,WASHERMANPET,8485,False
2026-08-25,1,WIMCO NAGAR DEPOT,5714,False
2026-08-25,1,WIMCO NAGAR METRO,5917,False
2026-08-25,2,ALANDUR,6159,False
2026-08-25,2,ANNA NAGAR EAST,7311,False
2026-08-25,2,ANNA NAGAR TOWER,6548,False
2026-08-25,2,ARUMBAKKAM,5345,False
2026-08-25,2,ASHOK NAGAR,10340,False
2026-08-25,2,CENTRAL METRO,11003,False
2026-08-25,2,CMBT,7747,False
2026-08-25,2,EGMORE,5586,False
2026-08-25,2,EKKATTUTHANGAL,9768,False
2026-08-25,2,KILPAUK,3091,False
2026-08-25,2,KOYAMBEDU,14252,False
2026-08-25,2,NEHRU PARK,3164,False
2026-08-25,2,PACHAIAPPA S COLLEGE,3323,False
2026-08-25,2,SHENOY NAGAR,3795,False
2026-08-25,2,St. THOMAS MOUNT,9041,False
2026-08-25,2,THIRUMANGALAM,17611,False
2026-08-25,2,VADAPALANI,14423,False
2026-08-26,1,AG-DMS,5508,False
2026-08-26,1,ALANDUR,4957,False
2026-08-26,1,CENTRAL METRO,14234,False
2026-08-26,1,CHENNAI AIRPORT,17288,False
2026-08-26,1,GOVERNMENT ESTATE,8733,False
2026-08-26,1,GUINDY,13844,False
2026-08-26,1,HIGH COURT,7338,False
2026-08-26,1,KALADIPET METRO,4267,False
2026-08-26,1,LIC,7550,False
2026-08-26,1,LITTLE MOUNT,6357,False
2026-08-26,1,MANNADI,5284,False
2026-08-26,1,MEENAMBAKKAM,5227,False
2026-08-26,1,NANDANAM,5839,False
2026-08-26,1,NEW WASHERMENPET METRO,3970,False
2026-08-26,1,OTA - NANGANALLUR ROAD,2313,False
2026-08-26,1,SAIDAPET,4505,False
2026-08-26,1,TEYNAMPET,7659,False
2026-08-26,1,THIRUVOTRIYUR METRO,4016,False
2026-08-26,1,THIRUVOTRIYUR THERADI METRO,5283,False
2026-08-26,1,THIYAGARAYA COLLEGE METRO,5579,False
2026-08-26,1,THOUSAND LIGHT,13740,False
2026-08-26,1,TOLLGATE METRO,2339,False
2026-08-26,1,TONDIARPET METRO,5643,False
2026-08-26,1,WASHERMANPET,6228,False
2026-08-26,1,WIMCO NAGAR DEPOT,4573,False
2026-08-26,1,WIMCO NAGAR METRO,4645,False
2026-08-26,2,ALANDUR,6078,False
2026-08-26,2,ANNA NAGAR EAST,5909,False
2026-08-26,2,ANNA NAGAR TOWER,5379,False
2026-08-26,2,ARUMBAKKAM,5074,False
2026-08-26,2,ASHOK NAGAR,7094,False
2026-08-26,2,CENTRAL METRO,11518,False
2026-08-26,2,CMBT,6642,False
2026-08-26,2,EGMORE,5042,False
2026-08-26,2,EKKATTUTHANGAL,8431,False
2026-08-26,2,KILPAUK,2600,False
2026-08-26,2,KOYAMBEDU,10957,False
2026-08-26,2,NEHRU PARK,2702,False
2026-08-26,2,PACHAIAPPA S COLLEGE,2348,False
2026-08-26,2,SHENOY NAGAR,2994,False
2026-08-26,2,St. THOMAS MOUNT,7501,False
2026-08-26,2,THIRUMANGALAM,14529,False
2026-08-26,2,VADAPALANI,13576,False
2026-08-27,1,AG-DMS,8980,False
2026-08-27,1,ALANDUR,6290,False
2026-08-27,1,CENTRAL METRO,18835,False
2026-08-27,1,CHENNAI AIRPORT,19033,False
2026-08-27,1,GOVERNMENT ESTATE,10912,False
2026-08-27,1,GUINDY,16913,False
2026-08-27,1,HIGH COURT,17218,False
2026-08-27,1,KALADIPET METRO,5443,False
2026-08-27,1,LIC,11624,False
2026-08-27,1,LITTLE MOUNT,7724,False
2026-08-27,1,MANNADI,6610,False
2026-08-27,1,MEENAMBAKKAM,7287,False
2026-08-27,1,NANDANAM,8108,False
2026-08-27,1,NEW WASHERMENPET METRO,4892,False
2026-08-27,1,OTA - NANGANALLUR ROAD,3130,False
2026-08-27,1,SAIDAPET,7515,False
2026-08-27,1,TEYNAMPET,10754,False
2026-08-27,1,THIRUVOTRIYUR METRO,4863,False
2026-08-27,1,THIRUVOTRIYUR THERADI METRO,6515,False
2026-08-27,1,THIYAGARAYA COLLEGE METRO,7317,False
2026-08-27,1,THOUSAND LIGHT,18617,False
2026-08-27,1,TOLLGATE METRO,2919,False
2026-08-27,1,TONDIARPET METRO,7036,False
2026-08-27,1,WASHERMANPET,8309,False
2026-08-27,1,WIMCO NAGAR DEPOT,5708,False
2026-08-27,1,WIMCO NAGAR METRO,5758,False
2026-08-27,2,ALANDUR,6022,False
2026-08-27,2,ANNA NAGAR EAST,7247,False
2026-08-27,2,ANNA NAGAR TOWER,6505,False
2026-08-27,2,ARUMBAKKAM,5132,False
2026-08-27,2,ASHOK NAGAR,8605,False
2026-08-27,2,CENTRAL METRO,12316,False
2026-08-27,2,CMBT,7632,False
2026-08-27,2,EGMORE,5727,False
2026-08-27,2,EKKATTUTHANGAL,9345,False
2026-08-27,2,KILPAUK,2848,False
2026-08-27,2,KOYAMBEDU,13693,False
2026-08-27,2,NEHRU PARK,2933,False
2026-08-27,2,PACHAIAPPA S COLLEGE,3580,False
2026-08-27,2,SHENOY NAGAR,3580,False
2026-08-27,2,St. THOMAS MOUNT,8395,False
2026-08-27,2,THIRUMANGALAM,17019,False
2026-08-27,2,VADAPALANI,13305,False
2026-08-28,1,AG-DMS,8784,False
2026-08-28,1,ALANDUR,6861,False
2026-08-28,1,CENTRAL METRO,20713,False
2026-08-28,1,CHENNAI AIRPORT,19531,False
2026-08-28,1,GOVERNMENT ESTATE,11587,False
2026-08-28,1,GUINDY,17140,False
2026-08-28,1,HIGH COURT,12784,False
2026-08-28,1,KALADIPET METRO,5373,False
2026-08-28,1,LIC,11418,False
2026-08-28,1,LITTLE MOUNT,7756,False
2026-08-28,1,MANNADI,6823,False
2026-08-28,1,MEENAMBAKKAM,6643,False
2026-08-28,1,NANDANAM,8038,False
2026-08-28,1,NEW WASHERMENPET METRO,4951,False
2026-08-28,1,OTA - NANGANALLUR ROAD,3136,False
2026-08-28,1,SAIDAPET,7231,False
2026-08-28,1,TEYNAMPET,10759,False
2026-08-28,1,THIRUVOTRIYUR METRO,5084,False
2026-08-28,1,THIRUVOTRIYUR THERADI METRO,6358,False
2026-08-28,1,THIYAGARAYA COLLEGE METRO,7071,False
2026-08-28,1,THOUSAND LIGHT,18322,False
2026-08-28,1,TOLLGATE METRO,2623,False
2026-08-28,1,TONDIARPET METRO,6939,False
2026-08-28,1,WASHERMANPET,8223,False
2026-08-28,1,WIMCO NAGAR DEPOT,5579,False
2026-08-28,1,WIMCO NAGAR METRO,5899,False
2026-08-28,2,ALANDUR,5826,False
2026-08-28,2,ANNA NAGAR EAST,7195,False
2026-08-28,2,ANNA NAGAR TOWER,6366,False
2026-08-28,2,ARUMBAKKAM,5064,False
2026-08-28,2,ASHOK NAGAR,9599,False
2026-08-28,2,CENTRAL METRO,10462,False
2026-08-28,2,CMBT,7795,False
2026-08-28,2,EGMORE,5727,False
2026-08-28,2,EKKATTUTHANGAL,9234,False
2026-08-28,2,KILPAUK,2803,False
2026-08-28,2,KOYAMBEDU,13638,False
2026-08-28,2,NEHRU PARK,3041,False
2026-08-28,2,PACHAIAPPA S COLLEGE,3313,False
2026-08-28,2,SHENOY NAGAR,3591,False
2026-08-28,2,St. THOMAS MOUNT,8449,False
2026-08-28,2,THIRUMANGALAM,17265,False
2026-08-28,2,VADAPALANI,13879,False
2026-08-29,1,AG-DMS,5515,False
2026-08-29,1,ALANDUR,5412,False
2026-08-29,1,CENTRAL METRO,15340,False
2026-08-29,1,CHENNAI AIRPORT,18898,False
2026-08-29,1,GOVERNMENT ESTATE,9284,False
2026-08-29,1,GUINDY,14631,False
2026-08-29,1,HIGH COURT,9909,False
2026-08-29,1,KALADIPET METRO,4864,False
2026-08-29,1,LIC,7132,False
2026-08-29,1,LITTLE MOUNT,6331,False
2026-08-29,1,MANNADI,6099,False
2026-08-29,1,MEENAMBAKKAM,6093,False
2026-08-29,1,NANDANAM,6463,False
2026-08-29,1,NEW WASHERMENPET METRO,4333,False
2026-08-29,1,OTA - NANGANALLUR ROAD,2489,False
2026-08-29,1,SAIDAPET,5066,False
2026-08-29,1,TEYNAMPET,8192,False
2026-08-29,1,THIRUVOTRIYUR METRO,4797,False
2026-08-29,1,THIRUVOTRIYUR THERADI METRO,5852,False
2026-08-29,1,THIYAGARAYA COLLEGE METRO,6403,False
2026-08-29,1,THOUSAND LIGHT,13264,False
2026-08-29,1,TOLLGATE METRO,2680,False
2026-08-29,1,TONDIARPET METRO,5959,False
2026-08-29,1,WASHERMANPET,6570,False
2026-08-29,1,WIMCO NAGAR DEPOT,4826,False
2026-08-29,1,WIMCO NAGAR METRO,5118,False
2026-08-29,2,ALANDUR,6031,False
2026-08-29,2,ANNA NAGAR EAST,6318,False
2026-08-29,2,ANNA NAGAR TOWER,6178,False
2026-08-29,2,ARUMBAKKAM,4873,False
2026-08-29,2,ASHOK NAGAR,7983,False
2026-08-29,2,CENTRAL METRO,13463,False
2026-08-29,2,CMBT,7097,False
2026-08-29,2,EGMORE,5600,False
2026-08-29,2,EKKATTUTHANGAL,5503,False
2026-08-29,2,KILPAUK,2450,False
2026-08-29,2,KOYAMBEDU,11896,False
2026-08-29,2,NEHRU PARK,3105,False
2026-08-29,2,PACHAIAPPA S COLLEGE,3306,False
2026-08-29,2,SHENOY NAGAR,3259,False
2026-08-29,2,St. THOMAS MOUNT,7794,False
2026-08-29,2,THIRUMANGALAM,14632,False
2026-08-29,2,VADAPALANI,14218,False
2026-08-30,1,AG-DMS,2536,False
2026-08-30,1,ALANDUR,3377,False
2026-08-30,1,CENTRAL METRO,10675,False
2026-08-30,1,CHENNAI AIRPORT,15462,False
2026-08-30,1,GOVERNMENT ESTATE,5002,False
2026-08-30,1,GUINDY,9235,False
2026-08-30,1,HIGH COURT,3595,False
2026-08-30,1,KALADIPET METRO,3384,False
2026-08-30,1,LIC,3620,False
2026-08-30,1,LITTLE MOUNT,3585,False
2026-08-30,1,MANNADI,3646,False
2026-08-30,1,MEENAMBAKKAM,4538,False
2026-08-30,1,NANDANAM,2108,False
2026-08-30,1,NEW WASHERMENPET METRO,3206,False
2026-08-30,1,OTA - NANGANALLUR ROAD,1299,False
2026-08-30,1,SAIDAPET,3095,False
2026-08-30,1,TEYNAMPET,2976,False
2026-08-30,1,THIRUVOTRIYUR METRO,3386,False
2026-08-30,1,THIRUVOTRIYUR THERADI METRO,5132,False
2026-08-30,1,THIYAGARAYA COLLEGE METRO,4725,False
2026-08-30,1,THOUSAND LIGHT,5586,False
2026-08-30,1,TOLLGATE METRO,2060,False
2026-08-30,1,TONDIARPET METRO,4177,False
2026-08-30,1,WASHERMANPET,4298,False
2026-08-30,1,WIMCO NAGAR DEPOT,3254,False
2026-08-30,1,WIMCO NAGAR METRO,3303,False
2026-08-30,2,ALANDUR,4222,False
2026-08-30,2,ANNA NAGAR EAST,3889,False
2026-08-30,2,ANNA NAGAR TOWER,3905,False
2026-08-30,2,ARUMBAKKAM,3361,False
2026-08-30,2,ASHOK NAGAR,5011,False
2026-08-30,2,CENTRAL METRO,11251,False
2026-08-30,2,CMBT,6083,False
2026-08-30,2,EGMORE,4886,False
2026-08-30,2,EKKATTUTHANGAL,3135,False
2026-08-30,2,KILPAUK,1357,False
2026-08-30,2,KOYAMBEDU,9149,False
2026-08-30,2,NEHRU PARK,1931,False
2026-08-30,2,PACHAIAPPA S COLLEGE,1653,False
2026-08-30,2,SHENOY NAGAR,2082,False
2026-08-30,2,St. THOMAS MOUNT,5501,False
2026-08-30,2,THIRUMANGALAM,10024,False
2026-08-30,2,VADAPALANI,12019,False
2026-08-31,1,AG-DMS,8935,False
2026-08-31,1,ALANDUR,6709,False
2026-08-31,1,CENTRAL METRO,20970,False
2026-08-31,1,CHENNAI AIRPORT,19180,False
2026-08-31,1,GOVERNMENT ESTATE,10684,False
2026-08-31,1,GUINDY,17025,False
2026-08-31,1,HIGH COURT,13042,False
2026-08-31,1,KALADIPET METRO,5666,False
2026-08-31,1,LIC,11272,False
2026-08-31,1,LITTLE MOUNT,7338,False
2026-08-31,1,MANNADI,6945,False
2026-08-31,1,MEENAMBAKKAM,8060,False
2026-08-31,1,NANDANAM,7985,False
2026-08-31,1,NEW WASHERMENPET METRO,5419,False
2026-08-31,1,OTA - NANGANALLUR ROAD,3154,False
2026-08-31,1,SAIDAPET,7343,False
2026-08-31,1,TEYNAMPET,10442,False
2026-08-31,1,THIRUVOTRIYUR METRO,5129,False
2026-08-31,1,THIRUVOTRIYUR THERADI METRO,6614,False
2026-08-31,1,THIYAGARAYA COLLEGE METRO,7488,False
2026-08-31,1,THOUSAND LIGHT,18616,False
2026-08-31,1,TOLLGATE METRO,2898,False
2026-08-31,1,TONDIARPET METRO,7280,False
2026-08-31,1,WASHERMANPET,8462,False
2026-08-31,1,WIMCO NAGAR DEPOT,5537,False
2026-08-31,1,WIMCO NAGAR METRO,5915,False
2026-08-31,2,ALANDUR,6060,False
2026-08-31,2,ANNA NAGAR EAST,7290,False
2026-08-31,2,ANNA NAGAR TOWER,6521,False
2026-08-31,2,ARUMBAKKAM,5197,False
2026-08-31,2,ASHOK NAGAR,9643,False
2026-08-31,2,CENTRAL METRO,12378,False
2026-08-31,2,CMBT,8277,False
2026-08-31,2,EGMORE,6169,False
2026-08-31,2,EKKATTUTHANGAL,9293,False
2026-08-31,2,KILPAUK,2923,False
2026-08-31,2,KOYAMBEDU,14557,False
2026-08-31,2,NEHRU PARK,3038,False
2026-08-31,2,PACHAIAPPA S COLLEGE,3428,False
2026-08-31,2,SHENOY NAGAR,3736,False
2026-08-31,2,St. THOMAS MOUNT,8707,False
2026-08-31,2,THIRUMANGALAM,17019,False
2026-08-31,2,VADAPALANI,13265,False
2026-09-01,1,AG-DMS,8899,False
2026-09-01,1,ALANDUR,6926,False
2026-09-01,1,CENTRAL METRO,18953,False
2026-09-01,1,CHENNAI AIRPORT,18900,False
2026-09-01,1,GOVERNMENT ESTATE,10499,False
2026-09-01,1,GUINDY,16705,False
2026-09-01,1,HIGH COURT,14945,False
2026-09-01,1,KALADIPET METRO,5489,False
2026-09-01,1,LIC,11838,False
2026-09-01,1,LITTLE MOUNT,7657,False
2026-09-01,1,MANNADI,6983,False
2026-09-01,1,MEENAMBAKKAM,7700,False
2026-09-01,1,NANDANAM,8238,False
2026-09-01,1,NEW WASHERMENPET METRO,5012,False
2026-09-01,1,OTA - NANGANALLUR ROAD,3309,False
2026-09-01,1,SAIDAPET,7649,False
2026-09-01,1,TEYNAMPET,10794,False
2026-09-01,1,THIRUVOTRIYUR METRO,4919,False
2026-09-01,1,THIRUVOTRIYUR THERADI METRO,6210,False
2026-09-01,1,THIYAGARAYA COLLEGE METRO,7075,False
2026-09-01,1,THOUSAND LIGHT,19033,False
2026-09-01,1,TOLLGATE METRO,2765,False
2026-09-01,1,TONDIARPET METRO,6937,False
2026-09-01,1,WASHERMANPET,8458,False
2026-09-01,1,WIMCO NAGAR DEPOT,5687,False
2026-09-01,1,WIMCO NAGAR METRO,5721,False
2026-09-01,2,ALANDUR,6124,False
2026-09-01,2,ANNA NAGAR EAST,7290,False
2026-09-01,2,ANNA NAGAR TOWER,6504,False
2026-09-01,2,ARUMBAKKAM,5468,False
2026-09-01,2,ASHOK NAGAR,9788,False
2026-09-01,2,CENTRAL METRO,12404,False
2026-09-01,2,CMBT,7753,False
2026-09-01,2,EGMORE,6028,False
2026-09-01,2,EKKATTUTHANGAL,9796,False
2026-09-01,2,KILPAUK,2821,False
2026-09-01,2,KOYAMBEDU,14108,False
2026-09-01,2,NEHRU PARK,3051,False
2026-09-01,2,PACHAIAPPA S COLLEGE,3503,False
2026-09-01,2,SHENOY NAGAR,3876,False
2026-09-01,2,St. THOMAS MOUNT,9034,False
2026-09-01,2,THIRUMANGALAM,17627,False
2026-09-01,2,VADAPALANI,14557,False
2026-09-02,1,AG-DMS,9220,False
2026-09-02,1,ALANDUR,6573,False
2026-09-02,1,CENTRAL METRO,19146,False
2026-09-02,1,CHENNAI AIRPORT,18898,False
2026-09-02,1,GOVERNMENT ESTATE,10786,False
2026-09-02,1,GUINDY,17305,False
2026-09-02,1,HIGH COURT,13650,False
2026-09-02,1,KALADIPET METRO,5634,False
2026-09-02,1,LIC,12117,False
2026-09-02,1,LITTLE MOUNT,8009,False
2026-09-02,1,MANNADI,7179,False
2026-09-02,1,MEENAMBAKKAM,7731,False
2026-09-02,1,NANDANAM,8426,False
2026-09-02,1,NEW WASHERMENPET METRO,5089,False
2026-09-02,1,OTA - NANGANALLUR ROAD,3321,False
2026-09-02,1,SAIDAPET,7874,False
2026-09-02,1,TEYNAMPET,10964,False
2026-09-02,1,THIRUVOTRIYUR METRO,5114,False
2026-09-02,1,THIRUVOTRIYUR THERADI METRO,6192,False
2026-09-02,1,THIYAGARAYA COLLEGE METRO,7340,False
2026-09-02,1,THOUSAND LIGHT,19457,False
2026-09-02,1,TOLLGATE METRO,2828,False
2026-09-02,1,TONDIARPET METRO,7058,False
2026-09-02,1,WASHERMANPET,8626,False
2026-09-02,1,WIMCO NAGAR DEPOT,5714,False
2026-09-02,1,WIMCO NAGAR METRO,5836,False
2026-09-02,2,ALANDUR,6498,False
2026-09-02,2,ANNA NAGAR EAST,7282,False
2026-09-02,2,ANNA NAGAR TOWER,6691,False
2026-09-02,2,ARUMBAKKAM,5390,False
2026-09-02,2,ASHOK NAGAR,9870,False
2026-09-02,2,CENTRAL METRO,12560,False
2026-09-02,2,CMBT,7542,False
2026-09-02,2,EGMORE,5873,False
2026-09-02,2,EKKATTUTHANGAL,10038,False
2026-09-02,2,KILPAUK,2974,False
2026-09-02,2,KOYAMBEDU,14084,False
2026-09-02,2,NEHRU PARK,3330,False
2026-09-02,2,PACHAIAPPA S COLLEGE,3604,False
2026-09-02,2,SHENOY NAGAR,3943,False
2026-09-02,2,St. THOMAS MOUNT,8666,False
2026-09-02,2,THIRUMANGALAM,17648,False
2026-09-02,2,VADAPALANI,13374,False
2026-09-03,1,AG-DMS,9500,False
2026-09-03,1,ALANDUR,6424,False
2026-09-03,1,CENTRAL METRO,18923,False
2026-09-03,1,CHENNAI AIRPORT,19747,False
2026-09-03,1,GOVERNMENT ESTATE,10793,False
2026-09-03,1,GUINDY,17745,False
2026-09-03,1,HIGH COURT,13866,False
2026-09-03,1,KALADIPET METRO,5360,False
2026-09-03,1,LIC,12285,False
2026-09-03,1,LITTLE MOUNT,8382,False
2026-09-03,1,MANNADI,7397,False
2026-09-03,1,MEENAMBAKKAM,7633,False
2026-09-03,1,NANDANAM,8485,False
2026-09-03,1,NEW WASHERMENPET METRO,5006,False
2026-09-03,1,OTA - NANGANALLUR ROAD,3320,False
2026-09-03,1,SAIDAPET,7912,False
2026-09-03,1,TEYNAMPET,11021,False
2026-09-03,1,THIRUVOTRIYUR METRO,5039,False
2026-09-03,1,THIRUVOTRIYUR THERADI METRO,6372,False
2026-09-03,1,THIYAGARAYA COLLEGE METRO,7358,False
2026-09-03,1,THOUSAND LIGHT,20161,False
2026-09-03,1,TOLLGATE METRO,2858,False
2026-09-03,1,TONDIARPET METRO,7027,False
2026-09-03,1,WASHERMANPET,8645,False
2026-09-03,1,WIMCO NAGAR DEPOT,5584,False
2026-09-03,1,WIMCO NAGAR METRO,5915,False
2026-09-03,2,ALANDUR,6877,False
2026-09-03,2,ANNA NAGAR EAST,8339,False
2026-09-03,2,ANNA NAGAR TOWER,6801,False
2026-09-03,2,ARUMBAKKAM,5426,False
2026-09-03,2,ASHOK NAGAR,10524,False
2026-09-03,2,CENTRAL METRO,13818,False
2026-09-03,2,CMBT,7968,False
2026-09-03,2,EGMORE,6156,False
2026-09-03,2,EKKATTUTHANGAL,9827,False
2026-09-03,2,KILPAUK,2963,False
2026-09-03,2,KOYAMBEDU,14227,False
2026-09-03,2,NEHRU PARK,3264,False
2026-09-03,2,PACHAIAPPA S COLLEGE,3557,False
2026-09-03,2,SHENOY NAGAR,3876,False
2026-09-03,2,St. THOMAS MOUNT,9177,False
2026-09-03,2,THIRUMANGALAM,17845,False
2026-09-03,2,VADAPALANI,14402,False
2026-09-04,1,AG-DMS,5566,False
2026-09-04,1,ALANDUR,4454,False
2026-09-04,1,CENTRAL METRO,14555,False
2026-09-04,1,CHENNAI AIRPORT,16921,False
2026-09-04,1,GOVERNMENT ESTATE,8241,False
2026-09-04,1,GUINDY,13467,False
2026-09-04,1,HIGH COURT,7325,False
2026-09-04,1,KALADIPET METRO,3824,False
2026-09-04,1,LIC,6960,False
2026-09-04,1,LITTLE MOUNT,6139,False
2026-09-04,1,MANNADI,5137,False
2026-09-04,1,MEENAMBAKKAM,5474,False
2026-09-04,1,NANDANAM,5351,False
2026-09-04,1,NEW WASHERMENPET METRO,3706,False
2026-09-04,1,OTA - NANGANALLUR ROAD,2191,False
2026-09-04,1,SAIDAPET,4281,False
2026-09-04,1,TEYNAMPET,7161,False
2026-09-04,1,THIRUVOTRIYUR METRO,3614,False
2026-09-04,1,THIRUVOTRIYUR THERADI METRO,4988,False
2026-09-04,1,THIYAGARAYA COLLEGE METRO,4838,False
2026-09-04,1,THOUSAND LIGHT,13213,False
2026-09-04,1,TOLLGATE METRO,1985,False
2026-09-04,1,TONDIARPET METRO,5072,False
2026-09-04,1,WASHERMANPET,5785,False
2026-09-04,1,WIMCO NAGAR DEPOT,4189,False
2026-09-04,1,WIMCO NAGAR METRO,4484,False
2026-09-04,2,ALANDUR,5332,False
2026-09-04,2,ANNA NAGAR EAST,5189,False
2026-09-04,2,ANNA NAGAR TOWER,4696,False
2026-09-04,2,ARUMBAKKAM,4468,False
2026-09-04,2,ASHOK NAGAR,6575,False
2026-09-04,2,CENTRAL METRO,10557,False
2026-09-04,2,CMBT,6066,False
2026-09-04,2,EGMORE,4902,False
2026-09-04,2,EKKATTUTHANGAL,7904,False
2026-09-04,2,KILPAUK,2101,False
2026-09-04,2,KOYAMBEDU,9492,False
2026-09-04,2,NEHRU PARK,2459,False
2026-09-04,2,PACHAIAPPA S COLLEGE,2223,False
2026-09-04,2,SHENOY NAGAR,2775,False
2026-09-04,2,St. THOMAS MOUNT,6861,False
2026-09-04,2,THIRUMANGALAM,13356,False
2026-09-04,2,VADAPALANI,11631,False
2026-09-05,1,AG-DMS,5265,False
2026-09-05,1,ALANDUR,5655,False
2026-09-05,1,CENTRAL METRO,15023,False
2026-09-05,1,CHENNAI AIRPORT,18156,False
2026-09-05,1,GOVERNMENT ESTATE,9381,False
2026-09-05,1,GUINDY,12722,False
2026-09-05,1,HIGH COURT,9750,False
2026-09-05,1,KALADIPET METRO,4402,False
2026-09-05,1,LIC,8018,False
2026-09-05,1,LITTLE MOUNT,5290,False
2026-09-05,1,MANNADI,5956,False
2026-09-05,1,MEENAMBAKKAM,6283,False
2026-09-05,1,NANDANAM,4476,False
2026-09-05,1,NEW WASHERMENPET METRO,4101,False
2026-09-05,1,OTA - NANGANALLUR ROAD,2444,False
2026-09-05,1,SAIDAPET,4508,False
2026-09-05,1,TEYNAMPET,6585,False
2026-09-05,1,THIRUVOTRIYUR METRO,4035,False
2026-09-05,1,THIRUVOTRIYUR THERADI METRO,5578,False
2026-09-05,1,THIYAGARAYA COLLEGE METRO,5862,False
2026-09-05,1,THOUSAND LIGHT,12821,False
2026-09-05,1,TOLLGATE METRO,2175,False
2026-09-05,1,TONDIARPET METRO,5680,False
2026-09-05,1,WASHERMANPET,6521,False
2026-09-05,1,WIMCO NAGAR DEPOT,4531,False
2026-09-05,1,WIMCO NAGAR METRO,4765,False
2026-09-05,2,ALANDUR,4533,False
2026-09-05,2,ANNA NAGAR EAST,6387,False
2026-09-05,2,ANNA NAGAR TOWER,6155,False
2026-09-05,2,ARUMBAKKAM,5029,False
2026-09-05,2,ASHOK NAGAR,7598,False
2026-09-05,2,CENTRAL METRO,12356,False
2026-09-05,2,CMBT,6878,False
2026-09-05,2,EGMORE,5439,False
2026-09-05,2,EKKATTUTHANGAL,5534,False
2026-09-05,2,KILPAUK,2511,False
2026-09-05,2,KOYAMBEDU,10981,False
2026-09-05,2,NEHRU PARK,2735,False
2026-09-05,2,PACHAIAPPA S COLLEGE,2405,False
2026-09-05,2,SHENOY NAGAR,3283,False
2026-09-05,2,St. THOMAS MOUNT,7330,False
2026-09-05,2,THIRUMANGALAM,13988,False
2026-09-05,2,VADAPALANI,14398,False
2026-09-06,1,AG-DMS,508,True
2026-09-06,1,ALANDUR,734,True
2026-09-06,1,CENTRAL METRO,3012,True
2026-09-06,1,CHENNAI AIRPORT,2935,True
2026-09-06,1,GOVERNMENT ESTATE,922,True
2026-09-06,1,GUINDY,1838,True
2026-09-06,1,HIGH COURT,546,True
2026-09-06,1,KALADIPET METRO,581,True
2026-09-06,1,LIC,564,True
2026-09-06,1,LITTLE MOUNT,912,True
2026-09-06,1,MANNADI,656,True
2026-09-06,1,MEENAMBAKKAM,824,True
2026-09-06,1,NANDANAM,504,True
2026-09-06,1,NEW WASHERMENPET METRO,565,True
2026-09-06,1,OTA - NANGANALLUR ROAD,202,True
2026-09-06,1,SAIDAPET,648,True
2026-09-06,1,TEYNAMPET,698,True
2026-09-06,1,THIRUVOTRIYUR METRO,538,True
2026-09-06,1,THIRUVOTRIYUR THERADI METRO,690,True
2026-09-06,1,THIYAGARAYA COLLEGE METRO,702,True
2026-09-06,1,THOUSAND LIGHT,1008,True
2026-09-06,1,TOLLGATE METRO,293,True
2026-09-06,1,TONDIARPET METRO,827,True
2026-09-06,1,WASHERMANPET,812,True
2026-09-06,1,WIMCO NAGAR DEPOT,662,True
2026-09-06,1,WIMCO NAGAR METRO,760,True
2026-09-06,2,ALANDUR,583,True
2026-09-06,2,ANNA NAGAR EAST,879,True
2026-09-06,2,ANNA NAGAR TOWER,886,True
2026-09-06,2,ARUMBAKKAM,556,True
2026-09-06,2,ASHOK NAGAR,885,True
2026-09-06,2,CENTRAL METRO,2721,True
2026-09-06,2,CMBT,1563,True
2026-09-06,2,EGMORE,1691,True
2026-09-06,2,EKKATTUTHANGAL,730,True
2026-09-06,2,KILPAUK,247,True
2026-09-06,2,KOYAMBEDU,2105,True
2026-09-06,2,NEHRU PARK,338,True
2026-09-06,2,PACHAIAPPA S COLLEGE,485,True
2026-09-06,2,SHENOY NAGAR,378,True
2026-09-06,2,St. THOMAS MOUNT,1041,True
2026-09-06,2,THIRUMANGALAM,2957,True
2026-09-06,2,VADAPALANI,1442,True
