date,hour,boardings,is_partial
2026-08-17,0,10,False
2026-08-17,1,3,False
2026-08-17,2,7,False
2026-08-17,3,1280,False
2026-08-17,4,4347,False
2026-08-17,5,10043,False
2026-08-17,6,17116,False
2026-08-17,7,31930,False
2026-08-17,8,46820,False
2026-08-17,9,31653,False
2026-08-17,10,17001,False
2026-08-17,11,15869,False
2026-08-17,12,19590,False
2026-08-17,13,19520,False
2026-08-17,14,16107,False
2026-08-17,15,17628,False
2026-08-17,16,26379,False
2026-08-17,17,39535,False
2026-08-17,18,35747,False
2026-08-17,19,22673,False
2026-08-17,20,12572,False
2026-08-17,21,6093,False
2026-08-17,22,1544,False
2026-08-18,0,20,False
2026-08-18,1,4,False
2026-08-18,2,873,False
2026-08-18,3,3389,False
2026-08-18,4,7268,False
2026-08-18,5,15895,False
2026-08-18,6,33193,False
2026-08-18,7,49427,False
2026-08-18,8,31081,False
2026-08-18,9,16376,False
2026-08-18,10,14974,False
2026-08-18,11,17451,False
2026-08-18,12,17690,False
2026-08-18,13,15914,False
2026-08-18,14,17385,False
2026-08-18,15,25042,False
2026-08-18,16,39921,False
2026-08-18,17,38851,False
2026-08-18,18,24371,False
2026-08-18,19,13460,False
2026-08-18,20,6430,False
2026-08-18,21,1621,False
2026-08-19,0,11,False
2026-08-19,1,3,False
2026-08-19,2,3,False
2026-08-19,3,814,False
2026-08-19,4,3192,False
2026-08-19,5,6721,False
2026-08-19,6,14965,False
2026-08-19,7,31752,False
2026-08-19,8,47629,False
2026-08-19,9,31555,False
2026-08-19,10,16958,False
2026-08-19,11,15282,False
2026-08-19,12,18455,False
2026-08-19,13,18896,False
2026-08-19,14,15790,False
2026-08-19,15,17948,False
2026-08-19,16,25588,False
2026-08-19,17,40570,False
2026-08-19,18,38108,False
2026-08-19,19,24584,False
2026-08-19,20,14345,False
2026-08-19,21,6780,False
2026-08-19,22,1604,False
2026-08-20,0,12,False
2026-08-20,1,4,False
2026-08-20,2,607,False
2026-08-20,3,2989,False
2026-08-20,4,6569,False
2026-08-20,5,15483,False
2026-08-20,6,30895,False
2026-08-20,7,47653,False
2026-08-20,8,30760,False
2026-08-20,9,16064,False
2026-08-20,10,14922,False
2026-08-20,11,18950,False
2026-08-20,12,17729,False
2026-08-20,13,15407,False
2026-08-20,14,16759,False
2026-08-20,15,25419,False
2026-08-20,16,40262,False
2026-08-20,17,37924,False
2026-08-20,18,25506,False
2026-08-20,19,14994,False
2026-08-20,20,6597,False
2026-08-20,21,1667,False
2026-08-21,0,10,False
2026-08-21,1,1,False
2026-08-21,2,6,False
2026-08-21,3,735,False
2026-08-21,4,3094,False
2026-08-21,5,6977,False
2026-08-21,6,14570,False
2026-08-21,7,27627,False
2026-08-21,8,43238,False
2026-08-21,9,28233,False
2026-08-21,10,15783,False
2026-08-21,11,15184,False
2026-08-21,12,17300,False
2026-08-21,13,18725,False
2026-08-21,14,15856,False
2026-08-21,15,18274,False
2026-08-21,16,27698,False
2026-08-21,17,40603,False
2026-08-21,18,37299,False
2026-08-21,19,24380,False
2026-08-21,20,15752,False
2026-08-21,21,7958,False
2026-08-21,22,1989,False
2026-08-22,0,33,False
2026-08-22,1,1,False
2026-08-22,2,2,False
2026-08-22,3,1038,False
2026-08-22,4,3956,False
2026-08-22,5,6458,False
2026-08-22,6,10931,False
2026-08-22,7,19639,False
2026-08-22,8,24292,False
2026-08-22,9,19413,False
2026-08-22,10,15330,False
2026-08-22,11,14812,False
2026-08-22,12,17200,False
2026-08-22,13,21046,False
2026-08-22,14,18938,False
2026-08-22,15,19047,False
2026-08-22,16,22636,False
2026-08-22,17,26928,False
2026-08-22,18,26456,False
2026-08-22,19,19958,False
2026-08-22,20,16293,False
2026-08-22,21,9673,False
2026-08-22,22,2326,False
2026-08-23,0,31,False
2026-08-23,1,6,False
2026-08-23,2,9,False
2026-08-23,3,860,False
2026-08-23,4,3624,False
2026-08-23,5,5807,False
2026-08-23,6,7355,False
2026-08-23,7,9214,False
2026-08-23,8,11188,False
2026-08-23,9,12436,False
2026-08-23,10,12484,False
2026-08-23,11,13635,False
2026-08-23,12,13976,False
2026-08-23,13,14010,False
2026-08-23,14,13923,False
2026-08-23,15,14389,False
2026-08-23,16,14939,False
2026-08-23,17,16524,False
2026-08-23,18,14553,False
2026-08-23,19,14209,False
2026-08-23,20,13371,False
2026-08-23,21,8079,False
2026-08-23,22,2492,False
2026-08-24,0,21,False
2026-08-24,1,14,False
2026-08-24,2,1071,False
2026-08-24,3,3805,False
2026-08-24,4,7441,False
2026-08-24,5,18166,False
2026-08-24,6,31375,False
2026-08-24,7,46325,False
2026-08-24,8,31637,False
2026-08-24,9,17315,False
2026-08-24,10,15396,False
2026-08-24,11,18795,False
2026-08-24,12,19574,False
2026-08-24,13,15317,False
2026-08-24,14,17624,False
2026-08-24,15,25118,False
2026-08-24,16,39522,False
2026-08-24,17,35492,False
2026-08-24,18,21663,False
2026-08-24,19,16801,False
2026-08-24,20,7452,False
2026-08-24,21,1619,False
2026-08-25,0,24,False
2026-08-25,1,1,False
2026-08-25,2,1,False
2026-08-25,3,860,False
2026-08-25,4,3215,False
2026-08-25,5,6915,False
2026-08-25,6,17050,False
2026-08-25,7,31480,False
2026-08-25,8,47842,False
2026-08-25,9,31841,False
2026-08-25,10,16612,False
2026-08-25,11,15641,False
2026-08-25,12,18671,False
2026-08-25,13,19423,False
2026-08-25,14,16417,False
2026-08-25,15,17224,False
2026-08-25,16,25944,False
2026-08-25,17,39695,False
2026-08-25,18,38781,False
2026-08-25,19,24075,False
2026-08-25,20,13886,False
2026-08-25,21,6259,False
2026-08-25,22,1673,False
2026-08-26,0,19,False
2026-08-26,1,1,False
2026-08-26,2,2,False
2026-08-26,3,778,False
2026-08-26,4,3080,False
2026-08-26,5,8623,False
2026-08-26,6,11700,False
2026-08-26,7,21092,False
2026-08-26,8,32443,False
2026-08-26,9,22703,False
2026-08-26,10,14487,False
2026-08-26,11,13744,False
2026-08-26,12,15586,False
2026-08-26,13,17465,False
2026-08-26,14,13969,False
2026-08-26,15,14939,False
2026-08-26,16,18682,False
2026-08-26,17,28963,False
2026-08-26,18,30923,False
2026-08-26,19,21418,False
2026-08-26,20,13405,False
2026-08-26,21,7661,False
2026-08-26,22,1845,False
2026-08-27,0,58,False
2026-08-27,1,8,False
2026-08-27,2,865,False
2026-08-27,3,3494,False
2026-08-27,4,8950,False
2026-08-27,5,17707,False
2026-08-27,6,30491,False
2026-08-27,7,45002,False
2026-08-27,8,29620,False
2026-08-27,9,16248,False
2026-08-27,10,14740,False
2026-08-27,11,19862,False
2026-08-27,12,18823,False
2026-08-27,13,15205,False
2026-08-27,14,17426,False
2026-08-27,15,24894,False
2026-08-27,16,39730,False
2026-08-27,17,38232,False
2026-08-27,18,26067,False
2026-08-27,19,14840,False
2026-08-27,20,7007,False
2026-08-27,21,1655,False
2026-08-28,0,32,False
2026-08-28,1,5,False
2026-08-28,2,790,False
2026-08-28,3,3148,False
2026-08-28,4,6169,False
2026-08-28,5,15875,False
2026-08-28,6,28935,False
2026-08-28,7,43372,False
2026-08-28,8,28647,False
2026-08-28,9,15374,False
2026-08-28,10,14876,False
2026-08-28,11,17665,False
2026-08-28,12,17366,False
2026-08-28,13,14829,False
2026-08-28,14,16917,False
2026-08-28,15,25356,False
2026-08-28,16,38932,False
2026-08-28,17,36638,False
2026-08-28,18,24267,False
2026-08-28,19,15303,False
2026-08-28,20,8083,False
2026-08-28,21,2328,False
2026-08-29,0,117,False
2026-08-29,1,7,False
2026-08-29,2,901,False
2026-08-29,3,3400,False
2026-08-29,4,6080,False
2026-08-29,5,9393,False
2026-08-29,6,18060,False
2026-08-29,7,28978,False
2026-08-29,8,20346,False
2026-08-29,9,14597,False
2026-08-29,10,15171,False
2026-08-29,11,16320,False
2026-08-29,12,17956,False
2026-08-29,13,16743,False
2026-08-29,14,19530,False
2026-08-29,15,24377,False
2026-08-29,16,29436,False
2026-08-29,17,27262,False
2026-08-29,18,20768,False
2026-08-29,19,16146,False
2026-08-29,20,10701,False
2026-08-29,21,3663,False
2026-08-30,0,24,False
2026-08-30,1,2,False
2026-08-30,2,1,False
2026-08-30,3,788,False
2026-08-30,4,3422,False
2026-08-30,5,5605,False
2026-08-30,6,6922,False
2026-08-30,7,9007,False
2026-08-30,8,11484,False
2026-08-30,9,12375,False
2026-08-30,10,11531,False
2026-08-30,11,12409,False
2026-08-30,12,12941,False
2026-08-30,13,13727,False
2026-08-30,14,12768,False
2026-08-30,15,13427,False
2026-08-30,16,14837,False
2026-08-30,17,16920,False
2026-08-30,18,15742,False
2026-08-30,19,13811,False
2026-08-30,20,12849,False
2026-08-30,21,8021,False
2026-08-30,22,2126,False
2026-08-31,0,28,False
2026-08-31,1,7,False
2026-08-31,2,1252,False
2026-08-31,3,4032,False
2026-08-31,4,7439,False
2026-08-31,5,15607,False
2026-08-31,6,30698,False
2026-08-31,7,47220,False
2026-08-31,8,30826,False
2026-08-31,9,16718,False
2026-08-31,10,15343,False
2026-08-31,11,18770,False
2026-08-31,12,18769,False
2026-08-31,13,13767,False
2026-08-31,14,15991,False
2026-08-31,15,24388,False
2026-08-31,16,38329,False
2026-08-31,17,36047,False
2026-08-31,18,23071,False
2026-08-31,19,14435,False
2026-08-31,20,7537,False
2026-08-31,21,1943,False
2026-09-01,0,18,False
2026-09-01,1,1,False
2026-09-01,2,1,False
2026-09-01,3,1023,False
2026-09-01,4,3563,False
2026-09-01,5,7105,False
2026-09-01,6,15020,False
2026-09-01,7,31966,False
2026-09-01,8,48274,False
2026-09-01,9,31389,False
2026-09-01,10,15430,False
2026-09-01,11,14195,False
2026-09-01,12,17757,False
2026-09-01,13,17169,False
2026-09-01,14,15168,False
2026-09-01,15,16501,False
2026-09-01,16,25021,False
2026-09-01,17,40686,False
2026-09-01,18,38362,False
2026-09-01,19,23459,False
2026-09-01,20,13173,False
2026-09-01,21,6070,False
2026-09-01,22,1519,False
2026-09-02,0,6,False
2026-09-02,1,5,False
2026-09-02,2,869,False
2026-09-02,3,3090,False
2026-09-02,4,6134,False
2026-09-02,5,14788,False
2026-09-02,6,31752,False
2026-09-02,7,47702,False
2026-09-02,8,31820,False
2026-09-02,9,15896,False
2026-09-02,10,14533,False
2026-09-02,11,18263,False
2026-09-02,12,17914,False
2026-09-02,13,14503,False
2026-09-02,14,16290,False
2026-09-02,15,24260,False
2026-09-02,16,41385,False
2026-09-02,17,38484,False
2026-09-02,18,24355,False
2026-09-02,19,14035,False
2026-09-02,20,6744,False
2026-09-02,21,1699,False
2026-09-03,0,7,False
2026-09-03,1,6,False
2026-09-03,2,941,False
2026-09-03,3,2815,False
2026-09-03,4,6131,False
2026-09-03,5,14831,False
2026-09-03,6,31099,False
2026-09-03,7,46897,False
2026-09-03,8,31192,False
2026-09-03,9,17274,False
2026-09-03,10,15387,False
2026-09-03,11,19395,False
2026-09-03,12,17185,False
2026-09-03,13,14711,False
2026-09-03,14,17112,False
2026-09-03,15,25667,False
2026-09-03,16,39532,False
2026-09-03,17,39747,False
2026-09-03,18,26944,False
2026-09-03,19,15849,False
2026-09-03,20,7619,False
2026-09-03,21,1881,False
2026-09-04,0,11,False
2026-09-04,1,4,False
2026-09-04,2,871,False
2026-09-04,3,3303,False
2026-09-04,4,6482,False
2026-09-04,5,10992,False
2026-09-04,6,17451,False
2026-09-04,7,30200,False
2026-09-04,8,21348,False
2026-09-04,9,13441,False
2026-09-04,10,12039,False
2026-09-04,11,11853,False
2026-09-04,12,12974,False
2026-09-04,13,13219,False
2026-09-04,14,14180,False
2026-09-04,15,18879,False
2026-09-04,16,27775,False
2026-09-04,17,27913,False
2026-09-04,18,18474,False
2026-09-04,19,12486,False
2026-09-04,20,6999,False
2026-09-04,21,1669,False
2026-09-05,0,19,False
2026-09-05,1,3,False
2026-09-05,2,882,False
2026-09-05,3,3293,False
2026-09-05,4,6744,False
2026-09-05,5,11025,False
2026-09-05,6,18627,False
2026-09-05,7,29063,False
2026-09-05,8,20247,False
2026-09-05,9,15116,False
2026-09-05,10,14434,False
2026-09-05,11,15921,False
2026-09-05,12,21960,False
2026-09-05,13,18306,False
2026-09-05,14,18026,False
2026-09-05,15,21307,False
2026-09-05,16,27435,False
2026-09-05,17,26692,False
2026-09-05,18,20058,False
2026-09-05,19,14301,False
2026-09-05,20,8137,False
2026-09-05,21,2033,False
2026-09-06,0,19,True
2026-09-06,1,2,True
2026-09-06,2,7,True
2026-09-06,3,913,True
2026-09-06,4,3159,True
2026-09-06,5,4966,True
2026-09-06,6,7094,True
2026-09-06,7,9113,True
2026-09-06,8,10017,True
2026-09-06,9,7138,True
